{"cameraMode":{"drawMode":0,"name":"Shaded","section":"Shading Mode"},"sceneLighting":false,"audioPlay":false,"sceneViewState":{"m_AlwaysRefresh":false,"showFog":true,"showSkybox":false,"showFlares":true,"showImageEffects":true,"showParticleSystems":true,"showVisualEffectGraphs":true,"m_FxEnabled":true},"in2DMode":false,"pivot":{"x":-6.264016628265381,"y":1.5200062990188599,"z":3.0260305404663088},"rotation":{"x":-0.0811847373843193,"y":0.030492352321743966,"z":-0.002479403279721737,"w":-0.9962600469589233},"size":1.9631696939468384,"orthographic":false}