{"cameraMode":{"drawMode":0,"name":"Shaded","section":"Shading Mode"},"sceneLighting":false,"audioPlay":false,"sceneViewState":{"m_AlwaysRefresh":false,"showFog":true,"showSkybox":false,"showFlares":true,"showImageEffects":true,"showParticleSystems":true,"showVisualEffectGraphs":true,"m_FxEnabled":true},"in2DMode":false,"pivot":{"x":0.30849266052246096,"y":1.0469945669174195,"z":-5.995580673217773},"rotation":{"x":-0.10039880126714707,"y":0.06919023394584656,"z":-0.0069930944591760639,"w":-0.9925442934036255},"size":5.6617302894592289,"orthographic":false}