{"cameraMode":{"drawMode":0,"name":"Shaded","section":"Shading Mode"},"sceneLighting":false,"audioPlay":false,"sceneViewState":{"m_AlwaysRefresh":false,"showFog":true,"showSkybox":false,"showFlares":true,"showImageEffects":true,"showParticleSystems":true,"showVisualEffectGraphs":true,"m_FxEnabled":true},"in2DMode":false,"pivot":{"x":7.361162185668945,"y":1.3185168504714966,"z":0.6482815742492676},"rotation":{"x":-0.10039880126714707,"y":0.06919023394584656,"z":-0.0069930944591760639,"w":-0.9925442934036255},"size":3.5679337978363039,"orthographic":false}