{"train/train_loss": 0.37555643916130066, "_timestamp": 1646797691, "_runtime": 62, "_step": 3799, "val/val_loss": 0.5576063543558121, "val/val_accuracy": 76.33333333333333, "_wandb": {"runtime": 60}}