{"cameraMode":{"drawMode":0,"name":"Shaded","section":"Shading Mode"},"sceneLighting":true,"audioPlay":false,"sceneViewState":{"m_AlwaysRefresh":false,"showFog":true,"showSkybox":true,"showFlares":true,"showImageEffects":true,"showParticleSystems":true,"showVisualEffectGraphs":true,"m_FxEnabled":true},"in2DMode":false,"pivot":{"x":23.06113052368164,"y":-1.197342872619629,"z":262.97857666015627},"rotation":{"x":-0.01829148828983307,"y":-0.04288281127810478,"z":0.0007995129562914372,"w":-0.9989497661590576},"size":144.1265869140625,"orthographic":false}