{"cameraMode":{"drawMode":0,"name":"Shaded","section":"Shading Mode"},"sceneLighting":true,"audioPlay":false,"sceneViewState":{"m_AlwaysRefresh":false,"showFog":true,"showSkybox":true,"showFlares":true,"showImageEffects":true,"showParticleSystems":true,"showVisualEffectGraphs":true,"m_FxEnabled":true},"in2DMode":false,"pivot":{"x":0.604802131652832,"y":-15.400083541870118,"z":2.3344485759735109},"rotation":{"x":-0.6652321219444275,"y":0.0026862442027777435,"z":-0.002393033355474472,"w":-0.7466282248497009},"size":15.529693603515625,"orthographic":false}