{"cameraMode":{"drawMode":0,"name":"Shaded","section":"Shading Mode"},"sceneLighting":true,"audioPlay":false,"sceneViewState":{"m_AlwaysRefresh":false,"showFog":true,"showSkybox":true,"showFlares":true,"showImageEffects":true,"showParticleSystems":true,"showVisualEffectGraphs":true,"m_FxEnabled":true},"in2DMode":false,"pivot":{"x":-0.1645791232585907,"y":-15.319896697998047,"z":3.0961227416992189},"rotation":{"x":-0.572256863117218,"y":0.010330420918762684,"z":-0.007209218572825193,"w":-0.8199787139892578},"size":15.529693603515625,"orthographic":false}