{"Train loss": [0.6931694055858412, 0.6927942351291054, 0.6929664674558138, 0.693354490556215, 0.6928460880329734, 0.6926392191334775, 0.6918829585376539, 0.6924329807883814, 0.6908136417991236, 0.6915535958189714], "_timestamp": 1646757285, "_runtime": 495, "_step": 1, "_wandb": {"runtime": 12}}