{"train/train_loss": 0.36007609963417053, "_timestamp": 1647329645, "_runtime": 12832, "_step": 9499, "val/val_loss": 0.4691931962966919, "val/val_accuracy": 83.66666666666667}