{"train/train_loss": 0.49148252606391907, "_timestamp": 1647260831, "_runtime": 1614, "_step": 1144, "val/val_loss": 0.5405551493167877, "val/val_accuracy": 81.0}