{"train/train_loss": [0.6928866944814983, 0.6931938717239782, 0.6925915793368691, 0.6928397040618094, 0.6919499102391695, 0.6920876408878126, 0.6926353856136924, 0.6919244872896295, 0.6911004907206485, 0.6912210520945097], "_timestamp": 1646759107, "_runtime": 11, "_step": 189, "val/val_loss": 0.6916481733322144, "val/val_accuracy": 50.33333333333333}