{"train/train_loss": 0.323091983795166, "_timestamp": 1657528658, "_runtime": 3575, "_step": 9518, "val/val_loss": 0.4581823945045471, "val/val_accuracy": 85.66666666666667}